feature,importance
away_teamTEAM_BALL_POSSESSION_season_average,0.005528179123691344
home_teamTEAM_BALL_POSSESSION_season_average,0.004194987864503064
home_teamTEAM_GAME_WON_season_average,0.0038762526234459144
home_teamTEAM_SHOTS_ON_TARGET_season_sum,0.002973730445651852
home_teamTEAM_GAME_WON_season_sum,0.002830403541660087
away_player_PLAYER_ACCURATE_PASSES_season_average_sum,0.0021401778628129253
away_player_PLAYER_ACCURATE_PASSES_season_average_std,0.0021156572432175502
away_teamTEAM_GAME_LOST_season_average,0.002093866983585781
home_player_PLAYER_BIG_CHANCES_MISSED_season_average_sum,0.002081702785859363
away_teamTEAM_GAME_WON_season_sum,0.0020147274599919196
home_teamTEAM_SHOTS_ON_TARGET_season_average,0.0019600632368573477
home_teamTEAM_SHOTS_TOTAL_season_average,0.0019511785045668508
away_teamTEAM_SHOTS_ON_TARGET_season_average,0.0019159584429547507
away_player_PLAYER_GOALS_CONCEDED_season_sum_std,0.0017680663633614538
home_player_PLAYER_GOALS_CONCEDED_season_sum_std,0.0017594723665077625
away_player_PLAYER_GOALS_CONCEDED_season_sum_mean,0.0017590072766421072
away_player_PLAYER_GOALKEEPER_GOALS_CONCEDED_season_sum_std,0.001563740630579636
away_teamTEAM_SHOTS_ON_TARGET_season_sum,0.0015510513583712026
away_player_PLAYER_GOALS_CONCEDED_5_last_match_std_std,0.0015184620613669752
home_teamTEAM_SHOTS_INSIDEBOX_season_average,0.001511599775689156
home_player_PLAYER_GOALS_season_sum_sum,0.0015098579018956928
home_player_PLAYER_GOALS_CONCEDED_season_sum_mean,0.0015081344799917154
home_teamTEAM_GAME_LOST_season_sum,0.0015004813482450883
home_teamTEAM_GAME_LOST_season_average,0.0014878993735063777
home_player_PLAYER_GOALS_CONCEDED_season_average_std,0.001433909197235607
away_player_PLAYER_GOALS_CONCEDED_season_std_std,0.0014302794939159483
home_player_PLAYER_GOALS_CONCEDED_5_last_match_sum_std,0.0014197087070944277
home_player_PLAYER_GOALS_CONCEDED_5_last_match_average_std,0.0014182096985255012
home_player_PLAYER_GOALS_season_sum_std,0.0014142254881649166
home_player_PLAYER_GOALS_CONCEDED_5_last_match_std_std,0.0014127045693667626
away_player_PLAYER_ACCURATE_PASSES_season_sum_sum,0.0013974266330191829
home_player_PLAYER_ASSISTS_season_sum_std,0.0013777807178289127
home_player_PLAYER_YELLOWCARDS_season_sum_std,0.001358940684429612
away_player_PLAYER_GOALS_CONCEDED_5_last_match_sum_std,0.0013526919155827449
home_player_PLAYER_GOALS_CONCEDED_season_std_std,0.0013525315093310493
away_player_PLAYER_GOALKEEPER_GOALS_CONCEDED_season_std_std,0.001321136119365296
away_player_PLAYER_GOALS_CONCEDED_season_average_std,0.0013139724400981828
home_player_PLAYER_CAPTAIN_season_sum_std,0.0012986229573331445
away_player_PLAYER_GOALS_CONCEDED_season_sum_sum,0.0012780719967462031
away_player_PLAYER_GOALS_CONCEDED_5_last_match_average_std,0.0012599182857751412
away_player_PLAYER_CAPTAIN_season_sum_std,0.0012488522833280094
away_teamTEAM_SHOTS_TOTAL_season_average,0.0012484880214366778
away_player_PLAYER_GOALKEEPER_GOALS_CONCEDED_season_sum_mean,0.0012435895977439702
home_player_PLAYER_MINUTES_PLAYED_5_last_match_std_std,0.0012364192039594551
away_player_PLAYER_STARTING_LINEUP_5_last_match_std_std,0.0012319441494264964
home_player_PLAYER_GOALS_season_average_std,0.001224040940663619
home_player_PLAYER_GOALS_CONCEDED_season_average_mean,0.001221444425032459
home_player_PLAYER_BIG_CHANCES_MISSED_season_average_mean,0.0012175345603071743
home_player_PLAYER_STARTING_LINEUP_5_last_match_std_std,0.0012175154597874776
home_player_PLAYER_MINUTES_PLAYED_season_std_std,0.001212186606394931
away_player_PLAYER_YELLOWCARDS_season_average_std,0.001207260443891197
away_player_PLAYER_GOALKEEPER_GOALS_CONCEDED_5_last_match_std_mean,0.001205589414329008
away_teamTEAM_SHOTS_INSIDEBOX_season_average,0.0012044562469683137
away_player_PLAYER_GOALS_CONCEDED_season_average_mean,0.0011976239030805854
away_player_PLAYER_CAPTAIN_season_sum_mean,0.0011912998299493294
away_player_PLAYER_GOALS_season_average_std,0.0011900152813296807
home_player_PLAYER_GOALKEEPER_GOALS_CONCEDED_season_sum_std,0.0011863211199799142
home_player_PLAYER_YELLOWCARDS_5_last_match_std_std,0.0011841408809420608
away_player_PLAYER_GOALKEEPER_GOALS_CONCEDED_5_last_match_std_std,0.001174426293885658
home_player_PLAYER_CAPTAIN_season_sum_mean,0.0011744157967830083
away_player_PLAYER_ASSISTS_season_sum_std,0.001171354209976089
away_player_PLAYER_ASSISTS_season_std_std,0.0011600347513374336
away_player_PLAYER_BIG_CHANCES_CREATED_season_average_std,0.001158954485727948
away_player_PLAYER_YELLOWCARDS_season_sum_std,0.0011572164742544703
away_player_PLAYER_GOALS_CONCEDED_season_average_sum,0.0011561075508156994
home_player_PLAYER_ASSISTS_season_std_std,0.0011496177992534656
away_player_PLAYER_GOALS_5_last_match_std_std,0.0011482301201537007
home_player_PLAYER_YELLOWCARDS_5_last_match_average_std,0.0011399575335135925
home_player_PLAYER_ASSISTS_season_average_std,0.001137891880832775
home_player_PLAYER_GOALS_CONCEDED_season_average_sum,0.0011376732427936373
away_player_PLAYER_YELLOWCARDS_5_last_match_average_std,0.0011352105334439342
home_player_PLAYER_YELLOWCARDS_season_average_std,0.0011351717763190851
home_player_PLAYER_GOALS_season_std_std,0.001134377317704507
away_player_PLAYER_STARTING_LINEUP_season_std_std,0.0011280832938869686
home_player_PLAYER_YELLOWCARDS_season_std_std,0.001120864417899192
home_player_PLAYER_GOALKEEPER_GOALS_CONCEDED_5_last_match_std_mean,0.00111981671969449
away_player_PLAYER_GOALS_season_std_std,0.0011183231982458408
home_player_PLAYER_GOALS_season_sum_mean,0.0011180096121408232
home_player_PLAYER_GOALS_CONCEDED_5_last_match_sum_sum,0.0011175641636676171
away_player_PLAYER_GOALKEEPER_GOALS_CONCEDED_season_std_mean,0.0011170494244894353
home_player_PLAYER_YELLOWCARDS_5_last_match_sum_std,0.0011134860178487955
home_player_PLAYER_GOALS_CONCEDED_5_last_match_std_mean,0.0011053742783334254
away_player_PLAYER_YELLOWCARDS_5_last_match_std_std,0.0011039899339220633
away_player_PLAYER_YELLOWCARDS_5_last_match_sum_std,0.0011031954255724806
home_player_PLAYER_GOALS_CONCEDED_5_last_match_average_mean,0.0011020047112131892
home_player_PLAYER_GOALS_5_last_match_std_std,0.0010948330345569375
away_player_PLAYER_GOALS_CONCEDED_season_std_sum,0.0010946872465529573
away_player_PLAYER_ASSISTS_season_average_std,0.0010937761561820173
away_player_PLAYER_GOALS_season_sum_std,0.0010926152750944647
home_player_PLAYER_GOALKEEPER_GOALS_CONCEDED_season_std_std,0.0010898015836722933
home_player_PLAYER_GOALKEEPER_GOALS_CONCEDED_5_last_match_std_std,0.0010805250181591185
away_teamTEAM_PASSES_season_average,0.001077717279662149
away_player_PLAYER_MINUTES_PLAYED_5_last_match_std_std,0.0010672198280570616
home_player_PLAYER_GOALS_CONCEDED_season_sum_sum,0.0010622319559240704
away_player_PLAYER_YELLOWCARDS_season_std_std,0.001057558055416415
away_player_PLAYER_GOALS_CONCEDED_season_std_mean,0.0010569480840927764
home_teamTEAM_DANGEROUS_ATTACKS_season_sum,0.001055044904945385
home_player_PLAYER_GOALS_CONCEDED_5_last_match_average_sum,0.0010491769593183415
home_player_PLAYER_STARTING_LINEUP_season_std_std,0.00104898536173044
home_player_PLAYER_SHOTS_ON_TARGET_season_sum_sum,0.0010273753004162165
home_player_PLAYER_GOALS_CONCEDED_5_last_match_sum_mean,0.0010247262920268913
home_player_PLAYER_GOALS_CONCEDED_5_last_match_std_sum,0.001024479871984757
away_player_PLAYER_GOALKEEPER_GOALS_CONCEDED_season_average_mean,0.0010211079865215732
home_player_PLAYER_GOALS_CONCEDED_season_std_mean,0.0010205215236048957
home_player_PLAYER_GOALS_CONCEDED_season_std_sum,0.0010120920212890907
away_player_PLAYER_ASSISTS_season_sum_mean,0.0010055029264152636
away_player_PLAYER_MINUTES_PLAYED_season_std_std,0.0009820918211796998
away_player_PLAYER_GOALS_CONCEDED_5_last_match_std_mean,0.0009807804821809752
away_teamTEAM_GOALS_season_average,0.0009805084782610527
away_player_PLAYER_BIG_CHANCES_CREATED_season_std_std,0.0009739270284257948
home_teamTEAM_DANGEROUS_ATTACKS_season_average,0.0009732960363753918
away_player_PLAYER_GOALKEEPER_GOALS_CONCEDED_season_average_std,0.0009728156812485202
away_player_PLAYER_ACCURATE_PASSES_PERCENTAGE_5_last_match_average_std,0.0009709875436231738
away_player_PLAYER_ASSISTS_5_last_match_std_std,0.0009697739514984168
away_teamTEAM_GAME_LOST_season_sum,0.000966158722081078
home_player_PLAYER_YELLOWCARDS_5_last_match_std_mean,0.0009615838425585694
away_player_PLAYER_CLEARANCES_season_sum_std,0.000958833566497335
home_player_PLAYER_GOALKEEPER_GOALS_CONCEDED_season_std_mean,0.0009479014677624053
home_player_PLAYER_MINUTES_PLAYED_5_last_match_std_mean,0.0009466088431688558
away_player_PLAYER_GOALS_season_sum_mean,0.0009443732675942759
home_player_PLAYER_KEY_PASSES_5_last_match_std_std,0.0009437676485986427
away_player_PLAYER_YELLOWCARDS_season_std_mean,0.0009396598595840399
home_player_PLAYER_GOALS_season_average_sum,0.0009376679941159647
home_player_PLAYER_GOALKEEPER_GOALS_CONCEDED_season_sum_mean,0.0009325859726343934
home_player_PLAYER_ACCURATE_PASSES_PERCENTAGE_5_last_match_std_std,0.0009317854774961216
away_player_PLAYER_ASSISTS_season_average_mean,0.0009276785642472054
away_player_PLAYER_GOALS_5_last_match_sum_std,0.00092258885852789
away_player_PLAYER_TACKLES_5_last_match_std_std,0.0009199494449551545
home_player_PLAYER_YELLOWCARDS_season_std_mean,0.0009193334143401172
away_player_PLAYER_GOALKEEPER_GOALS_CONCEDED_5_last_match_sum_std,0.0009182009007262723
home_player_PLAYER_GOALKEEPER_GOALS_CONCEDED_season_average_std,0.0009175307097875588
away_player_PLAYER_ASSISTS_5_last_match_sum_std,0.0009167692668872414
home_player_PLAYER_ASSISTS_season_sum_mean,0.0009153196990943299
away_player_PLAYER_MINUTES_PLAYED_season_average_std,0.0009138078423281037
away_player_PLAYER_GOALS_5_last_match_average_std,0.0009122134940158899
home_player_PLAYER_YELLOWCARDS_5_last_match_std_sum,0.0009096951158643515
home_player_PLAYER_ASSISTS_season_std_mean,0.000908839485513491
away_teamTEAM_SHOTS_INSIDEBOX_season_sum,0.0009083780978218807
away_player_PLAYER_ACCURATE_PASSES_season_average_mean,0.0009063718304543041
away_player_PLAYER_MINUTES_PLAYED_5_last_match_std_mean,0.0009043633500847929
away_player_PLAYER_CLEARANCES_season_std_std,0.0008964968430183721
away_player_PLAYER_ASSISTS_season_std_sum,0.0008954756550497685
away_teamTEAM_BALL_SAFE_5_last_match_std,0.0008954000485065539
home_player_PLAYER_ASSISTS_5_last_match_std_std,0.0008914096093068731
away_player_PLAYER_GOALS_CONCEDED_5_last_match_sum_sum,0.0008912657163869584
away_player_PLAYER_ACCURATE_PASSES_PERCENTAGE_5_last_match_std_std,0.0008848420137468224
away_player_PLAYER_ASSISTS_season_sum_sum,0.0008844392279748278
home_player_PLAYER_YELLOWCARDS_season_sum_mean,0.0008834365740154095
away_player_PLAYER_YELLOWCARDS_season_sum_mean,0.0008824016926925501
away_teamTEAM_GAME_WON_season_average,0.0008795897869275053
away_player_PLAYER_BIG_CHANCES_CREATED_season_sum_mean,0.0008789898123864238
away_teamTEAM_BALL_SAFE_season_std,0.0008788391267766851
home_player_PLAYER_GOALKEEPER_GOALS_CONCEDED_season_average_mean,0.0008786498771305481
away_player_PLAYER_YELLOWCARDS_season_average_mean,0.000878157847870091
away_player_PLAYER_DRIBBLED_ATTEMPTS_5_last_match_std_std,0.0008768267359559284
away_player_PLAYER_GOALS_CONCEDED_5_last_match_average_mean,0.0008751955790289342
home_player_PLAYER_RATING_season_std_std,0.0008745387157758153
away_player_PLAYER_GOALS_CONCEDED_5_last_match_std_sum,0.0008728297360822801
home_player_PLAYER_GOALS_5_last_match_sum_std,0.0008726165291195799
home_player_PLAYER_ACCURATE_PASSES_PERCENTAGE_season_std_mean,0.0008715892787509241
away_player_PLAYER_ACCURATE_PASSES_PERCENTAGE_season_std_std,0.0008711391504763287
home_player_PLAYER_CLEARANCES_season_std_std,0.0008677399494023368
away_player_PLAYER_TACKLES_season_std_std,0.0008676494183594826
away_player_PLAYER_BIG_CHANCES_CREATED_season_sum_std,0.0008671099076369792
away_teamTEAM_BALL_SAFE_5_last_match_average,0.0008655880557983604
away_player_PLAYER_ASSISTS_season_std_mean,0.0008580447802065688
away_player_PLAYER_GOALS_CONCEDED_5_last_match_sum_mean,0.0008536990738842715
away_player_PLAYER_GOALS_5_last_match_std_mean,0.0008531659834081247
away_player_PLAYER_ASSISTS_5_last_match_average_std,0.000852269996752143
home_player_PLAYER_DRIBBLED_PAST_season_std_std,0.0008503636666130086
away_teamTEAM_SHOTS_TOTAL_season_sum,0.0008492025725637487
away_player_PLAYER_GOALKEEPER_GOALS_CONCEDED_5_last_match_average_std,0.0008466755271021077
away_player_PLAYER_GOALS_season_average_mean,0.000846385444777689
away_player_PLAYER_BIG_CHANCES_CREATED_season_average_mean,0.0008425512009653205
home_player_PLAYER_GOALKEEPER_GOALS_CONCEDED_5_last_match_sum_std,0.0008423715843918103
home_player_PLAYER_GOALS_season_std_mean,0.0008418176262585319
home_player_PLAYER_SHOTS_BLOCKED_season_std_std,0.0008415803431004534
away_player_PLAYER_STARTING_LINEUP_season_sum_std,0.0008405411178887046
away_player_PLAYER_AERIALS_WON_5_last_match_std_std,0.0008387176017853812
away_player_PLAYER_MINUTES_PLAYED_season_average_sum,0.0008363550635865433
away_player_PLAYER_YELLOWCARDS_5_last_match_std_mean,0.0008346482980040016
away_player_PLAYER_SUCCESSFUL_DRIBBLES_5_last_match_std_std,0.0008342667129744974
away_player_PLAYER_BLOCKED_SHOTS_season_sum_std,0.000834187641071846
home_player_PLAYER_BLOCKED_SHOTS_5_last_match_std_std,0.0008331052453968928
away_player_PLAYER_DUELS_WON_season_std_std,0.0008328395898168721
home_teamTEAM_SHOTS_INSIDEBOX_season_sum,0.000832486006878259
home_player_PLAYER_GOALKEEPER_GOALS_CONCEDED_5_last_match_average_std,0.0008302643571337406
away_player_PLAYER_FOULS_5_last_match_std_std,0.0008295936935234199
home_player_PLAYER_AERIALS_WON_5_last_match_std_std,0.0008283791117341187
away_player_PLAYER_MINUTES_PLAYED_season_std_mean,0.0008281999169361546
away_player_PLAYER_RATING_5_last_match_std_std,0.0008269069169629121
away_player_PLAYER_STARTING_LINEUP_season_average_sum,0.0008240805690149004
home_player_PLAYER_SHOTS_ON_TARGET_season_sum_std,0.0008240534792937533
home_teamTEAM_BALL_SAFE_season_std,0.0008181696135981667
away_player_PLAYER_GOALS_season_sum_sum,0.0008168863151816866
home_player_PLAYER_DRIBBLED_PAST_5_last_match_std_std,0.0008167780287378336
away_player_PLAYER_FOULS_season_std_std,0.0008160289285587291
away_player_PLAYER_SHOTS_TOTAL_5_last_match_std_std,0.0008151771507683156
home_player_PLAYER_FOULS_5_last_match_std_std,0.0008143392848785785
away_player_PLAYER_ACCURATE_PASSES_season_sum_mean,0.0008112280753218974
home_player_PLAYER_DUELS_LOST_5_last_match_std_std,0.0008109966827435069
home_player_PLAYER_GOALS_season_average_mean,0.0008106741423494645
home_player_PLAYER_TACKLES_5_last_match_std_std,0.0008101312587076927
home_player_PLAYER_INTERCEPTIONS_5_last_match_std_std,0.0008099944348511768
away_player_PLAYER_BLOCKED_SHOTS_season_average_std,0.0008091722245045115
away_player_PLAYER_GOALKEEPER_GOALS_CONCEDED_5_last_match_average_mean,0.0008088379791282197
home_player_PLAYER_ASSISTS_5_last_match_std_mean,0.000807024964963578
home_player_PLAYER_INTERCEPTIONS_season_std_std,0.0008068559439094206
home_player_PLAYER_BIG_CHANCES_CREATED_season_sum_std,0.0008067875854590443
away_player_PLAYER_SHOTS_BLOCKED_5_last_match_std_std,0.0008059423218107441
home_player_PLAYER_GOALS_5_last_match_average_std,0.0008053026559589977
away_player_PLAYER_ACCURATE_PASSES_PERCENTAGE_5_last_match_std_mean,0.0008046469604761263
home_player_PLAYER_YELLOWCARDS_5_last_match_average_mean,0.0008046234468451481
home_player_PLAYER_ACCURATE_PASSES_PERCENTAGE_5_last_match_std_mean,0.0008033195328055113
away_player_PLAYER_YELLOWCARDS_season_average_sum,0.0008022809807643176
away_player_PLAYER_MINUTES_PLAYED_5_last_match_average_sum,0.0008019371035404896
away_player_PLAYER_FOULS_DRAWN_5_last_match_std_std,0.0008013737889649966
home_teamTEAM_SHOTS_TOTAL_season_sum,0.0008009281510402333
away_player_PLAYER_KEY_PASSES_season_average_mean,0.0008007884683678521
away_player_PLAYER_OFFSIDES_season_std_std,0.0008005062534643714
away_player_PLAYER_GOALS_CONCEDED_5_last_match_average_sum,0.0008004604288228248
away_player_PLAYER_SHOTS_ON_TARGET_season_sum_std,0.0007997911687528733
home_player_PLAYER_MINUTES_PLAYED_season_average_sum,0.0007971028057720132
away_player_PLAYER_KEY_PASSES_5_last_match_std_std,0.0007970077745987832
away_player_PLAYER_KEY_PASSES_season_sum_std,0.0007968744678523616
home_player_PLAYER_BIG_CHANCES_MISSED_season_average_std,0.000795061636358527
home_player_PLAYER_YELLOWCARDS_season_average_mean,0.0007943860185660899
home_player_PLAYER_STARTING_LINEUP_season_average_sum,0.0007930392806016765
away_player_PLAYER_AERIALS_WON_season_std_std,0.0007919688993044176
home_player_PLAYER_MINUTES_PLAYED_season_sum_std,0.000791661455782959
home_player_PLAYER_ACCURATE_PASSES_PERCENTAGE_season_std_std,0.000789980419239415
away_player_PLAYER_DRIBBLED_PAST_5_last_match_std_std,0.0007884176555085634
away_player_PLAYER_KEY_PASSES_season_average_sum,0.0007863143417490391
home_player_PLAYER_ASSISTS_5_last_match_average_std,0.0007860580815095162
home_player_PLAYER_MINUTES_PLAYED_season_average_std,0.0007845979010833675
home_player_PLAYER_CLEARANCES_season_average_mean,0.0007842910936044383
away_player_PLAYER_DRIBBLED_PAST_5_last_match_sum_std,0.0007836981620984316
away_player_PLAYER_GOALS_season_average_sum,0.0007834152363037187
away_player_PLAYER_ACCURATE_PASSES_season_std_std,0.0007825376737469385
away_player_PLAYER_ACCURATE_PASSES_PERCENTAGE_season_average_std,0.0007814307712198938
home_player_PLAYER_MINUTES_PLAYED_season_sum_sum,0.0007810991051464826
away_player_PLAYER_MINUTES_PLAYED_5_last_match_average_std,0.0007799802149358065
away_player_PLAYER_OFFSIDES_season_average_std,0.0007798683425550069
home_player_PLAYER_FOULS_season_std_std,0.0007793863663925946
away_player_PLAYER_STARTING_LINEUP_5_last_match_std_mean,0.0007758980435392257
away_player_PLAYER_MINUTES_PLAYED_season_sum_std,0.0007749400541416994
home_player_PLAYER_SHOTS_ON_TARGET_5_last_match_std_std,0.000774330961165634
home_player_PLAYER_STARTING_LINEUP_season_average_std,0.0007737507397428196
away_player_PLAYER_KEY_PASSES_season_average_std,0.0007736884424889578
away_player_PLAYER_DRIBBLED_PAST_season_std_std,0.0007732749023849444
away_player_PLAYER_YELLOWCARDS_season_std_sum,0.0007729492382493429
home_player_PLAYER_BLOCKED_SHOTS_season_average_std,0.00077259988093766
away_player_PLAYER_RATING_5_last_match_average_std,0.0007723132994494743
away_player_PLAYER_YELLOWCARDS_season_sum_sum,0.0007719652452218543
away_player_PLAYER_YELLOWCARDS_5_last_match_std_sum,0.0007705988062185987
home_player_PLAYER_MINUTES_PLAYED_5_last_match_sum_sum,0.0007702373905107232
away_player_PLAYER_SHOTS_ON_TARGET_season_std_std,0.0007688474200331045
home_player_PLAYER_ASSISTS_season_std_sum,0.0007687542872637127
away_player_PLAYER_MINUTES_PLAYED_5_last_match_sum_std,0.0007686459477943052
away_player_PLAYER_INTERCEPTIONS_5_last_match_std_std,0.0007669929447237136
home_player_PLAYER_DRIBBLED_PAST_season_average_std,0.0007654420533335531
home_player_PLAYER_SHOTS_ON_TARGET_5_last_match_average_std,0.0007643474275129982
away_player_PLAYER_DUELS_LOST_season_sum_std,0.000763602181345754
home_player_PLAYER_DUELS_WON_season_std_std,0.000763380689041359
home_player_PLAYER_ACCURATE_PASSES_PERCENTAGE_5_last_match_average_mean,0.000762819407776882
home_player_PLAYER_KEY_PASSES_season_average_std,0.0007627323028158631
home_player_PLAYER_ASSISTS_5_last_match_sum_std,0.0007625452719400206
home_player_PLAYER_FOULS_DRAWN_season_std_std,0.0007618555461203394
away_player_PLAYER_SHOTS_ON_TARGET_season_average_std,0.0007615324469871939
away_player_PLAYER_GOALKEEPER_GOALS_CONCEDED_5_last_match_sum_mean,0.0007612510706061302
away_player_PLAYER_DRIBBLED_PAST_season_average_std,0.0007604054095946096
home_player_PLAYER_HIT_WOODWORK_season_sum_std,0.0007591535748419584
home_player_PLAYER_STARTING_LINEUP_5_last_match_std_mean,0.0007588072755828213
home_player_PLAYER_ACCURATE_PASSES_PERCENTAGE_season_average_std,0.0007583477398146065
away_player_PLAYER_DUELS_WON_5_last_match_std_std,0.0007573853431574136
home_player_PLAYER_FOULS_5_last_match_sum_std,0.0007561688199032668
away_player_PLAYER_INTERCEPTIONS_season_sum_std,0.000755332093943589
home_player_PLAYER_ACCURATE_PASSES_PERCENTAGE_season_average_mean,0.0007551502794122137
away_player_PLAYER_OFFSIDES_season_sum_std,0.0007551103570239688
away_player_PLAYER_KEY_PASSES_season_std_std,0.0007549525221947354
home_player_PLAYER_TOTAL_CROSSES_5_last_match_std_std,0.0007547180412119291
home_player_PLAYER_SHOTS_TOTAL_5_last_match_std_std,0.0007536591173653072
home_player_PLAYER_RATING_5_last_match_std_std,0.0007536269123976328
away_player_PLAYER_GOALS_5_last_match_std_sum,0.0007530052841615434
away_player_PLAYER_BLOCKED_SHOTS_5_last_match_std_std,0.0007526321869981055
home_player_PLAYER_GOALKEEPER_GOALS_CONCEDED_5_last_match_average_mean,0.0007521561391734096
home_teamTEAM_BALL_SAFE_5_last_match_std,0.0007507830235170558
home_player_PLAYER_KEY_PASSES_season_sum_std,0.0007499874800594912
away_player_PLAYER_GOALS_season_std_mean,0.0007495194599655643
away_player_PLAYER_DRIBBLED_PAST_5_last_match_average_std,0.0007495046132914822
home_player_PLAYER_GOALS_season_std_sum,0.0007493345700992234
home_player_PLAYER_BLOCKED_SHOTS_season_sum_std,0.0007477197139169253
home_player_PLAYER_DRIBBLED_PAST_season_sum_std,0.0007475957021068252
away_player_PLAYER_ACCURATE_PASSES_PERCENTAGE_season_average_mean,0.0007474373702737773
home_player_PLAYER_DUELS_LOST_season_std_std,0.0007471349961618798
home_player_PLAYER_YELLOWCARDS_season_std_sum,0.0007470358069437148
away_player_PLAYER_SHOTS_BLOCKED_season_sum_std,0.0007464856503144466
home_player_PLAYER_DISPOSSESSED_season_std_std,0.0007455531289419466
home_player_PLAYER_BIG_CHANCES_MISSED_season_sum_std,0.0007454526903105788
home_player_PLAYER_GOALS_5_last_match_std_sum,0.0007449152235606341
home_player_PLAYER_FOULS_season_average_std,0.0007437467141618402
away_player_PLAYER_MINUTES_PLAYED_5_last_match_std_sum,0.0007437129494376237
home_player_PLAYER_GOALKEEPER_GOALS_CONCEDED_5_last_match_sum_mean,0.000743520233438419
away_player_PLAYER_MINUTES_PLAYED_5_last_match_sum_sum,0.0007423323144828014
home_player_PLAYER_YELLOWCARDS_season_sum_sum,0.0007419254321790048
away_player_PLAYER_STARTING_LINEUP_season_average_std,0.0007419153351919988
away_player_PLAYER_KEY_PASSES_5_last_match_std_mean,0.0007415413715883651
home_player_PLAYER_CLEARANCES_5_last_match_std_std,0.0007415276059581025
away_player_PLAYER_DRIBBLED_PAST_season_sum_std,0.000740979836153762
away_player_PLAYER_SUCCESSFUL_DRIBBLES_season_std_std,0.0007397985418470684
away_player_PLAYER_ACCURATE_PASSES_PERCENTAGE_season_std_mean,0.0007392130551534752
away_player_PLAYER_BIG_CHANCES_CREATED_season_std_mean,0.00073849297720457
home_player_PLAYER_YELLOWCARDS_5_last_match_sum_mean,0.0007380514945472969
home_player_PLAYER_DRIBBLED_ATTEMPTS_5_last_match_std_std,0.00073677977129535
away_player_PLAYER_ASSISTS_5_last_match_std_mean,0.0007364885736897111
home_player_PLAYER_FOULS_DRAWN_5_last_match_std_std,0.0007355859742422925
home_player_PLAYER_BIG_CHANCES_CREATED_season_average_std,0.0007353134987093107
home_player_PLAYER_ACCURATE_CROSSES_5_last_match_std_std,0.0007345193690115694
home_player_PLAYER_MINUTES_PLAYED_5_last_match_average_std,0.0007344650740885908
home_player_PLAYER_FOULS_season_sum_std,0.0007333116478604417
home_player_PLAYER_OFFSIDES_season_sum_std,0.0007327455346630933
home_player_PLAYER_SUCCESSFUL_DRIBBLES_5_last_match_std_std,0.0007317672010577525
home_player_PLAYER_PASSES_season_sum_std,0.0007315302486963326
home_player_PLAYER_ASSISTS_season_average_sum,0.0007313220845936658
home_player_PLAYER_RATING_5_last_match_std_mean,0.0007308655769678526
home_player_PLAYER_TACKLES_season_std_std,0.0007307272043164823
home_player_PLAYER_OFFSIDES_season_sum_mean,0.0007295694870366096
home_player_PLAYER_MINUTES_PLAYED_5_last_match_std_sum,0.0007294343489578582
away_player_PLAYER_STARTING_LINEUP_season_sum_sum,0.000726992294354076
home_player_PLAYER_INTERCEPTIONS_5_last_match_std_mean,0.0007269498618367846
home_player_PLAYER_OFFSIDES_season_std_std,0.0007262369357332997
home_player_PLAYER_SUCCESSFUL_DRIBBLES_season_std_std,0.000724640229320372
away_player_PLAYER_GOALS_season_std_sum,0.0007244226023484417
away_player_PLAYER_BIG_CHANCES_MISSED_season_std_std,0.0007234353326666305
away_player_PLAYER_SHOTS_BLOCKED_season_std_std,0.0007213226386048578
home_player_PLAYER_BIG_CHANCES_CREATED_season_std_std,0.0007209834000140476
home_player_PLAYER_MINUTES_PLAYED_season_std_sum,0.0007204780480184875
home_player_PLAYER_TOTAL_DUELS_season_std_std,0.0007204123410635635
home_player_PLAYER_TOTAL_DUELS_5_last_match_std_std,0.000719737174653225
away_player_PLAYER_DISPOSSESSED_5_last_match_std_std,0.0007194966795519331
home_player_PLAYER_ACCURATE_PASSES_season_std_std,0.0007194329605062992
away_player_PLAYER_YELLOWCARDS_5_last_match_average_mean,0.0007192477592657735
home_player_PLAYER_TACKLES_5_last_match_sum_std,0.0007184128578071419
home_player_PLAYER_INTERCEPTIONS_season_sum_std,0.0007183527189189963
home_player_PLAYER_ASSISTS_season_average_mean,0.0007178663603881924
home_player_PLAYER_BIG_CHANCES_MISSED_season_std_std,0.0007168195898530721
away_teamTEAM_BALL_SAFE_5_last_match_sum,0.0007156060706081127
home_player_PLAYER_AERIALS_WON_5_last_match_std_mean,0.0007155986148592675
away_player_PLAYER_DISPOSSESSED_season_std_std,0.0007155828869916596
away_player_PLAYER_PASSES_season_sum_mean,0.0007154397240317362
away_player_PLAYER_TOTAL_CROSSES_5_last_match_std_std,0.0007148905357272838
away_player_PLAYER_BLOCKED_SHOTS_season_std_std,0.0007139680734064167
away_player_PLAYER_BIG_CHANCES_MISSED_season_average_std,0.0007136667964601204
away_player_PLAYER_ASSISTS_5_last_match_std_sum,0.0007128483529729366
home_player_PLAYER_STARTING_LINEUP_season_sum_sum,0.0007124302274270716
away_player_PLAYER_OFFSIDES_5_last_match_std_std,0.0007119652324044484
home_player_PLAYER_MINUTES_PLAYED_5_last_match_average_sum,0.0007111614954211627
home_player_PLAYER_SHOTS_BLOCKED_5_last_match_std_std,0.0007110014867194213
home_player_PLAYER_GOALS_5_last_match_std_mean,0.0007106277383986795
away_player_PLAYER_ASSISTS_season_average_sum,0.0007105271844001015
away_player_PLAYER_FOULS_5_last_match_std_mean,0.0007096477383508649
away_player_PLAYER_CLEARANCES_5_last_match_std_std,0.0007088080097092765
away_player_PLAYER_SHOTS_ON_TARGET_5_last_match_sum_std,0.0007067657125694937
away_player_PLAYER_RATING_season_std_std,0.0007064724856725602
home_teamTEAM_BALL_SAFE_5_last_match_sum,0.0007060738092535177
home_player_PLAYER_AERIALS_WON_season_std_std,0.0007055561345387992
home_player_PLAYER_BLOCKED_SHOTS_5_last_match_sum_std,0.0007049278807510729
away_player_PLAYER_YELLOWCARDS_5_last_match_sum_mean,0.0007045555835410039
away_player_PLAYER_MINUTES_PLAYED_season_sum_mean,0.0007039209258270109
home_player_PLAYER_BLOCKED_SHOTS_season_std_std,0.0007036755881459265
home_player_PLAYER_SHOTS_ON_TARGET_season_std_std,0.0007034623339525633
home_player_PLAYER_ASSISTS_season_sum_sum,0.0007032262108001856
home_player_PLAYER_DISPOSSESSED_season_sum_std,0.0007016328965049944
home_player_PLAYER_DRIBBLED_PAST_5_last_match_average_std,0.0007013310796962249
home_player_PLAYER_YELLOWCARDS_season_average_sum,0.0007004024287823161
home_player_PLAYER_BIG_CHANCES_CREATED_season_sum_sum,0.0007000339021019331
home_player_PLAYER_RATING_5_last_match_average_std,0.0006992667555596105
away_player_PLAYER_STARTING_LINEUP_5_last_match_average_std,0.0006965515906781294
home_player_PLAYER_OFFSIDES_season_average_std,0.0006963449738228255
home_player_PLAYER_GOALS_5_last_match_sum_mean,0.0006961874105941221
home_player_PLAYER_STARTING_LINEUP_5_last_match_average_std,0.0006950038332962213
home_player_PLAYER_TOTAL_CROSSES_season_std_std,0.0006934384933071662
home_player_PLAYER_SHOTS_TOTAL_season_std_std,0.0006924953017419954
home_player_PLAYER_SHOTS_BLOCKED_5_last_match_average_std,0.0006921294610064326
away_player_PLAYER_STARTING_LINEUP_5_last_match_sum_std,0.000691887744691923
away_player_PLAYER_BIG_CHANCES_MISSED_5_last_match_std_std,0.0006917353173723155
home_player_PLAYER_CLEARANCES_season_std_mean,0.0006914923582470657
away_player_PLAYER_DUELS_LOST_season_average_std,0.0006909304714065905
away_player_PLAYER_TOTAL_DUELS_5_last_match_sum_std,0.0006906790718816385
away_player_PLAYER_PASSES_5_last_match_std_std,0.0006900858631140152
home_player_PLAYER_CLEARANCES_season_average_std,0.0006900739746957707
away_player_PLAYER_DUELS_LOST_5_last_match_std_mean,0.0006894279688719858
away_player_PLAYER_TACKLES_5_last_match_std_mean,0.0006893894092198901
home_player_PLAYER_SHOTS_BLOCKED_season_sum_std,0.0006882237808491672
away_player_PLAYER_TOTAL_DUELS_5_last_match_std_std,0.000687968329394694
away_player_PLAYER_TOTAL_DUELS_season_std_std,0.000687911310416751
away_player_PLAYER_FOULS_season_sum_std,0.0006876254106413118
away_player_PLAYER_STARTING_LINEUP_season_average_mean,0.0006872900752814196
away_player_PLAYER_CLEARANCES_5_last_match_average_std,0.0006870868596737394
away_player_PLAYER_DRIBBLED_ATTEMPTS_season_std_std,0.0006866205159382213
home_teamTEAM_BALL_SAFE_5_last_match_average,0.000686413304868092
home_player_PLAYER_KEY_PASSES_season_average_mean,0.0006863478394482215
away_player_PLAYER_ACCURATE_PASSES_PERCENTAGE_5_last_match_average_mean,0.0006851445552691968
away_player_PLAYER_CLEARANCES_5_last_match_sum_std,0.0006821577857514622
away_player_PLAYER_SHOTS_BLOCKED_5_last_match_sum_std,0.0006814803289390628
away_player_PLAYER_BLOCKED_SHOTS_5_last_match_sum_std,0.0006811532780377166
away_player_PLAYER_DRIBBLED_PAST_5_last_match_std_mean,0.0006811211262895549
home_player_PLAYER_OFFSIDES_5_last_match_std_std,0.0006809474264537867
home_teamTEAM_BALL_SAFE_season_sum,0.0006807014171844139
home_player_PLAYER_MINUTES_PLAYED_5_last_match_sum_std,0.0006803073208667534
away_teamTEAM_CORNERS_season_sum,0.0006797050032509981
home_player_PLAYER_CLEARANCES_season_sum_std,0.000679109593429625
home_player_PLAYER_ACCURATE_PASSES_PERCENTAGE_5_last_match_average_std,0.0006785733238589091
away_player_PLAYER_STARTING_LINEUP_season_std_mean,0.0006783735769243292
home_player_PLAYER_SHOTS_BLOCKED_season_average_std,0.0006782492130963364
away_player_PLAYER_AERIALS_WON_season_sum_std,0.0006781944736865584
away_player_PLAYER_DISPOSSESSED_season_sum_std,0.0006781293261403773
away_player_PLAYER_HIT_WOODWORK_season_sum_std,0.0006778139336922639
home_player_PLAYER_ACCURATE_PASSES_season_average_std,0.0006766181022030904
away_player_PLAYER_FOULS_DRAWN_5_last_match_std_sum,0.0006765659310632747
away_player_PLAYER_BIG_CHANCES_CREATED_5_last_match_average_std,0.0006750511705251341
home_player_PLAYER_ACCURATE_PASSES_season_sum_sum,0.0006749440434479509
away_teamTEAM_BALL_POSSESSION_5_last_match_average,0.0006747710655769175
home_player_PLAYER_DUELS_WON_5_last_match_std_std,0.0006745855669589788
home_player_PLAYER_TACKLES_season_sum_std,0.0006745362951868145
home_player_PLAYER_BIG_CHANCES_MISSED_5_last_match_std_std,0.0006743493196431911
away_player_PLAYER_RATING_season_average_std,0.0006738805791208667
away_player_PLAYER_MINUTES_PLAYED_season_sum_sum,0.0006728344529442397
away_player_PLAYER_DUELS_LOST_5_last_match_std_std,0.0006727540892249996
home_player_PLAYER_STARTING_LINEUP_season_sum_mean,0.000672421175928983
home_player_PLAYER_STARTING_LINEUP_5_last_match_std_sum,0.0006722287956319466
home_player_PLAYER_PASSES_season_std_std,0.0006709983416526477
home_teamTEAM_SHOTS_TOTAL_season_std,0.0006702323985660038
away_player_PLAYER_FOULS_DRAWN_season_average_std,0.0006697780598760042
home_player_PLAYER_DUELS_WON_season_sum_std,0.0006697772566532597
away_player_PLAYER_ACCURATE_PASSES_season_sum_std,0.0006684300467519002
home_player_PLAYER_KEY_PASSES_5_last_match_sum_std,0.0006669953111508835
home_player_PLAYER_CAPTAIN_season_sum_sum,0.0006667569256210828
away_player_PLAYER_SHOTS_BLOCKED_5_last_match_average_std,0.0006659393913777366
home_player_PLAYER_BLOCKED_SHOTS_season_sum_mean,0.0006657976558149843
away_player_PLAYER_BIG_CHANCES_CREATED_5_last_match_sum_std,0.00066575193025978
home_player_PLAYER_DUELS_WON_5_last_match_sum_std,0.000664190048889899
away_player_PLAYER_PASSES_season_average_std,0.0006640028384933113
home_player_PLAYER_HIT_WOODWORK_season_average_std,0.0006639713841719173
away_player_PLAYER_STARTING_LINEUP_season_sum_mean,0.0006635272734377567
home_player_PLAYER_CLEARANCES_5_last_match_sum_std,0.0006621186273382647
away_player_PLAYER_SHOTS_BLOCKED_season_average_std,0.0006617457352537055
home_player_PLAYER_TOTAL_CROSSES_season_sum_std,0.0006615007273062526
home_player_PLAYER_CLEARANCES_5_last_match_std_mean,0.0006610886645834959
away_player_PLAYER_SHOTS_ON_TARGET_5_last_match_std_std,0.0006610860976561977
away_player_PLAYER_ACCURATE_CROSSES_season_std_std,0.0006606600115770567
away_player_PLAYER_BLOCKED_SHOTS_5_last_match_std_mean,0.0006596488455297917
away_player_PLAYER_RATING_5_last_match_std_mean,0.000659275322360851
home_player_PLAYER_STARTING_LINEUP_season_sum_std,0.0006575634190235202
home_player_PLAYER_FOULS_5_last_match_average_std,0.0006575305887269532
home_player_PLAYER_FOULS_DRAWN_season_average_std,0.0006560137315165635
home_player_PLAYER_SHOTS_ON_TARGET_5_last_match_sum_std,0.0006558383992735704
home_teamTEAM_DANGEROUS_ATTACKS_5_last_match_std,0.0006555315331857542
home_player_PLAYER_OFFSIDES_5_last_match_average_std,0.0006548794374240433
home_player_PLAYER_SHOTS_BLOCKED_5_last_match_sum_std,0.0006547087256685921
away_player_PLAYER_BIG_CHANCES_MISSED_5_last_match_sum_std,0.0006541209846895764
home_player_PLAYER_KEY_PASSES_season_std_std,0.0006531848232115785
home_player_PLAYER_INTERCEPTIONS_5_last_match_sum_std,0.0006529009211480391
away_player_PLAYER_DRIBBLED_ATTEMPTS_season_sum_std,0.0006521248041497784
home_player_PLAYER_SHOTS_TOTAL_season_sum_std,0.0006514810855771491
away_teamTEAM_ATTACKS_season_sum,0.0006508850509925741
home_player_PLAYER_KEY_PASSES_season_sum_mean,0.0006508053133014555
away_player_PLAYER_CLEARANCES_5_last_match_std_mean,0.0006506526610959335
away_teamTEAM_INJURIES_season_sum,0.0006506387632891289
away_player_PLAYER_BIG_CHANCES_MISSED_season_sum_std,0.000649417836150158
away_player_PLAYER_OFFSIDES_5_last_match_average_std,0.0006489504121702787
away_teamTEAM_BALL_SAFE_season_average,0.0006485989334544984
away_player_PLAYER_MINUTES_PLAYED_season_average_mean,0.0006485606997612667
away_player_PLAYER_CLEARANCES_season_average_std,0.000648172443171386
away_player_PLAYER_DRIBBLED_ATTEMPTS_5_last_match_std_mean,0.0006477132502585116
home_player_PLAYER_BIG_CHANCES_CREATED_5_last_match_std_std,0.0006474402814875939
home_teamTEAM_BALL_SAFE_season_average,0.0006462921176662158
away_player_PLAYER_TOTAL_CROSSES_season_std_std,0.0006457289077094122
away_player_PLAYER_PASSES_season_average_mean,0.0006454441194247921
away_player_PLAYER_SHOTS_TOTAL_season_std_std,0.0006451925417647885
away_player_PLAYER_FOULS_season_average_std,0.000645118709282861
away_player_PLAYER_BIG_CHANCES_MISSED_season_average_mean,0.0006441186704104782
home_player_PLAYER_ACCURATE_PASSES_season_sum_std,0.0006438404294612791
home_player_PLAYER_STARTING_LINEUP_5_last_match_sum_std,0.0006437475810363105
away_player_PLAYER_DUELS_WON_5_last_match_sum_std,0.0006425366992057546
away_player_PLAYER_FOULS_DRAWN_season_std_std,0.0006417490632060316
away_player_PLAYER_MINUTES_PLAYED_season_std_sum,0.0006403595906613507
home_player_PLAYER_DRIBBLED_ATTEMPTS_5_last_match_sum_std,0.0006400436471901122
home_teamTEAM_INJURIES_season_average,0.000639533073538531
home_player_PLAYER_BLOCKED_SHOTS_5_last_match_average_std,0.0006384540672210695
home_player_PLAYER_BLOCKED_SHOTS_5_last_match_std_mean,0.0006381102518815252
home_player_PLAYER_FOULS_DRAWN_5_last_match_std_mean,0.0006379224040710467
away_player_PLAYER_FOULS_5_last_match_average_std,0.0006368225393006585
away_player_PLAYER_FOULS_DRAWN_5_last_match_std_mean,0.0006366325460233701
home_player_PLAYER_DRIBBLED_ATTEMPTS_season_std_std,0.0006360630419743507
home_player_PLAYER_HIT_WOODWORK_season_std_std,0.0006349879415984571
home_player_PLAYER_ACCURATE_CROSSES_season_average_std,0.0006347753190150353
away_teamTEAM_INJURIES_5_last_match_std,0.0006345915984408765
home_teamTEAM_SHOTS_ON_TARGET_5_last_match_std,0.0006343572442294062
home_player_PLAYER_MINUTES_PLAYED_season_std_mean,0.0006343511575074264
away_player_PLAYER_TACKLES_season_average_std,0.000633471292799822
away_player_PLAYER_SHOTS_TOTAL_season_average_std,0.0006331107467109181
away_player_PLAYER_GOALKEEPER_GOALS_CONCEDED_5_last_match_std_sum,0.0006311598908345105
away_player_PLAYER_TOTAL_CROSSES_5_last_match_sum_std,0.0006308090370833988
away_player_PLAYER_SUCCESSFUL_DRIBBLES_5_last_match_std_mean,0.0006306328673704832
away_player_PLAYER_INTERCEPTIONS_season_std_std,0.0006304226827611578
away_player_PLAYER_BIG_CHANCES_CREATED_season_std_sum,0.0006296110643452825
home_player_PLAYER_CLEARANCES_5_last_match_average_std,0.0006295483305363455
away_player_PLAYER_BIG_CHANCES_CREATED_5_last_match_std_std,0.0006283214686182827
home_player_PLAYER_STARTING_LINEUP_season_average_mean,0.0006276532414523393
home_player_PLAYER_TACKLES_5_last_match_average_std,0.000627545270479809
home_player_PLAYER_KEY_PASSES_5_last_match_std_mean,0.0006275418321199595
away_teamTEAM_CORNERS_season_average,0.0006272854766321913
away_player_PLAYER_SUCCESSFUL_DRIBBLES_season_sum_mean,0.0006270330583578524
home_player_PLAYER_DISPOSSESSED_5_last_match_sum_std,0.0006268627200467468
home_player_PLAYER_STARTING_LINEUP_season_std_mean,0.0006267553672510052
away_player_PLAYER_HIT_WOODWORK_season_average_std,0.000626414581246969
away_player_PLAYER_MINUTES_PLAYED_5_last_match_average_mean,0.0006262167912801196
away_player_PLAYER_MINUTES_PLAYED_5_last_match_sum_mean,0.0006260285932769405
away_player_PLAYER_DRIBBLED_ATTEMPTS_season_average_std,0.0006256262107520882
home_player_PLAYER_TACKLES_season_average_std,0.0006242817787677829
away_player_PLAYER_ACCURATE_CROSSES_5_last_match_average_std,0.0006242296520474716
away_player_PLAYER_PASSES_season_std_std,0.000624214924376636
away_player_PLAYER_TACKLES_5_last_match_average_std,0.0006235317350324447
away_player_PLAYER_OFFSIDES_season_average_mean,0.0006233247463766508
home_player_PLAYER_DUELS_WON_5_last_match_std_mean,0.0006232227273070182
away_player_PLAYER_CAPTAIN_5_last_match_sum_mean,0.0006232084253289144
away_player_PLAYER_DUELS_WON_season_sum_std,0.000623157865453995
away_player_PLAYER_BLOCKED_SHOTS_season_sum_mean,0.0006227304157400354
away_player_PLAYER_DUELS_LOST_season_std_std,0.000622483283161415
away_player_PLAYER_OFFSIDES_5_last_match_std_mean,0.000622446774893725
home_player_PLAYER_BLOCKED_SHOTS_season_average_mean,0.0006222117286741147
away_player_PLAYER_BIG_CHANCES_CREATED_season_average_sum,0.0006218042736322109
away_player_PLAYER_TACKLES_5_last_match_sum_std,0.0006216150961546902
home_player_PLAYER_SHOTS_TOTAL_season_average_std,0.0006214265787728645
away_player_PLAYER_TOTAL_DUELS_season_average_std,0.0006200731697350097
away_player_PLAYER_ACCURATE_CROSSES_5_last_match_std_std,0.0006199781467366135
home_player_PLAYER_ACCURATE_CROSSES_season_sum_std,0.0006195614621977623
home_teamTEAM_SAVES_season_average,0.0006188567689253871
home_player_PLAYER_DISPOSSESSED_season_average_std,0.0006188343350185026
away_player_PLAYER_RATING_season_std_mean,0.0006188124720895388
home_player_PLAYER_CLEARANCES_5_last_match_average_mean,0.0006182439448364668
away_player_PLAYER_SUCCESSFUL_DRIBBLES_season_average_std,0.0006169533870860811
home_player_PLAYER_INTERCEPTIONS_season_average_std,0.0006164891571067774
home_player_PLAYER_BIG_CHANCES_CREATED_season_sum_mean,0.0006164469615824949
away_player_PLAYER_STARTING_LINEUP_5_last_match_std_sum,0.0006160168582760325
away_teamTEAM_ATTACKS_season_average,0.0006156715304294972
home_player_PLAYER_PASSES_season_average_std,0.0006149840521723044
home_player_PLAYER_RATING_season_std_mean,0.0006148542298266637
home_player_PLAYER_SAVES_INSIDE_BOX_season_std_std,0.0006146762236976872
away_player_PLAYER_DUELS_LOST_5_last_match_sum_std,0.0006146355870223503
home_player_PLAYER_PASSES_season_sum_sum,0.0006127160933037301
away_player_PLAYER_ACCURATE_PASSES_5_last_match_std_std,0.0006125478742515082
home_player_PLAYER_ACCURATE_CROSSES_season_std_std,0.0006122687604357472
away_player_PLAYER_HIT_WOODWORK_season_std_std,0.0006116727982599122
home_teamTEAM_INJURIES_season_sum,0.0006114179893233281
home_player_PLAYER_DRIBBLED_PAST_5_last_match_sum_std,0.0006108328736968507
home_player_PLAYER_SHOTS_TOTAL_5_last_match_std_mean,0.0006103620685639043
home_player_PLAYER_TOTAL_CROSSES_5_last_match_std_mean,0.0006086415726180145
away_player_PLAYER_OFFSIDES_5_last_match_std_sum,0.0006080358958217132
home_player_PLAYER_GOALKEEPER_GOALS_CONCEDED_season_std_sum,0.0006079560319415044
away_player_PLAYER_BIG_CHANCES_MISSED_season_sum_mean,0.0006076740805719034
away_player_PLAYER_SAVES_INSIDE_BOX_season_average_std,0.0006069924106673071
home_player_PLAYER_INTERCEPTIONS_5_last_match_average_std,0.0006059861898914269
home_player_PLAYER_TOTAL_CROSSES_season_average_std,0.000605828354518351
home_player_PLAYER_ACCURATE_PASSES_5_last_match_std_std,0.0006057412788274971
away_player_PLAYER_KEY_PASSES_season_std_mean,0.0006057097929690929
home_player_PLAYER_PASSES_5_last_match_std_std,0.0006055856111633238
away_player_PLAYER_SAVES_season_std_std,0.0006051407282011997
away_player_PLAYER_ACCURATE_CROSSES_season_average_std,0.0006049040605131553
home_player_PLAYER_BIG_CHANCES_CREATED_5_last_match_average_std,0.0006048755655879507
home_player_PLAYER_YELLOWCARDS_5_last_match_average_sum,0.0006048360631062767
away_player_PLAYER_SUCCESSFUL_DRIBBLES_season_sum_std,0.0006045732702495657
home_player_PLAYER_AERIALS_WON_season_average_std,0.0006041594050001601
away_player_PLAYER_DRIBBLED_PAST_season_sum_mean,0.0006039134089577735
away_player_PLAYER_DRIBBLED_ATTEMPTS_season_sum_mean,0.0006038854986726355
home_player_PLAYER_SHOTS_ON_TARGET_season_average_std,0.0006036291257557894
away_player_PLAYER_BLOCKED_SHOTS_season_average_mean,0.00060349604940649
away_player_PLAYER_SAVES_season_std_mean,0.0006030350845999357
home_player_PLAYER_ACCURATE_CROSSES_season_sum_mean,0.00060094351339493
away_player_PLAYER_SAVES_5_last_match_std_std,0.0006008679303410669
away_player_PLAYER_KEY_PASSES_season_sum_mean,0.0006006925463690796
away_player_PLAYER_CAPTAIN_season_sum_sum,0.0006001081247158441
home_player_PLAYER_TOTAL_DUELS_5_last_match_average_std,0.0005994350760722296
away_player_PLAYER_DRIBBLED_PAST_season_average_mean,0.0005990160026914218
home_player_PLAYER_DISPOSSESSED_5_last_match_std_std,0.0005990113765810172
home_player_PLAYER_CLEARANCES_5_last_match_sum_mean,0.0005987447826770511
away_player_PLAYER_FOULS_5_last_match_std_sum,0.0005985084481042173
away_player_PLAYER_BLOCKED_SHOTS_5_last_match_average_std,0.0005971006158581542
away_player_PLAYER_STARTING_LINEUP_season_std_sum,0.0005970434999000753
home_player_PLAYER_SUCCESSFUL_DRIBBLES_season_average_std,0.0005970245182597028
home_teamTEAM_ATTACKS_5_last_match_std,0.000596796299955158
away_player_PLAYER_GOALS_5_last_match_average_mean,0.0005958527729276583
home_player_PLAYER_ACCURATE_PASSES_5_last_match_sum_std,0.000594712339311143
home_player_PLAYER_BIG_CHANCES_MISSED_season_sum_mean,0.0005939982389865476
away_player_PLAYER_ACCURATE_PASSES_5_last_match_std_mean,0.0005939393530194693
home_player_PLAYER_SHOTS_ON_TARGET_5_last_match_std_mean,0.0005923231043771893
home_player_PLAYER_HIT_WOODWORK_season_std_mean,0.0005920560224684702
away_player_PLAYER_INTERCEPTIONS_5_last_match_sum_std,0.0005918067104645038
home_player_PLAYER_MINUTES_PLAYED_season_sum_mean,0.0005913478666467527
home_player_PLAYER_ACCURATE_PASSES_season_sum_mean,0.0005906275488758618
home_player_PLAYER_DRIBBLED_PAST_season_std_mean,0.0005904824645850387
away_player_PLAYER_GOALKEEPER_GOALS_CONCEDED_season_std_sum,0.0005898824723520345
away_player_PLAYER_DRIBBLED_PAST_season_std_mean,0.0005892008928220727
home_player_PLAYER_DUELS_WON_5_last_match_average_std,0.0005889725591643775
away_player_PLAYER_TACKLES_season_sum_std,0.0005888979478488436
home_player_PLAYER_DUELS_LOST_season_sum_std,0.0005888105914324474
home_player_PLAYER_DRIBBLED_PAST_5_last_match_std_mean,0.0005885277317842511
home_player_PLAYER_RATING_season_average_std,0.0005879457734670888
home_player_PLAYER_CAPTAIN_5_last_match_sum_mean,0.000587945169178321
home_player_PLAYER_PENALTIES_COMMITTED_season_sum_std,0.0005877385042709157
home_player_PLAYER_AERIALS_WON_season_sum_std,0.0005875618820727987
home_player_PLAYER_FOULS_5_last_match_std_mean,0.0005873315901674303
home_player_PLAYER_SUCCESSFUL_DRIBBLES_5_last_match_average_std,0.0005868317802256742
home_player_PLAYER_DUELS_LOST_season_average_std,0.0005865427155897344
away_player_PLAYER_DUELS_WON_season_average_std,0.000586303791908848
home_teamTEAM_CORNERS_season_average,0.0005856075520272532
away_player_PLAYER_ASSISTS_5_last_match_sum_mean,0.0005856055712526108
home_player_PLAYER_OFFSIDES_5_last_match_sum_std,0.000585517668811765
away_player_PLAYER_TOTAL_CROSSES_season_std_mean,0.000585271332952799
home_teamTEAM_SAVES_season_sum,0.0005847254609868042
home_player_PLAYER_BIG_CHANCES_CREATED_5_last_match_std_mean,0.0005846280229967908
home_player_PLAYER_OFFSIDES_5_last_match_std_mean,0.000583732046744984
away_player_PLAYER_SHOTS_ON_TARGET_5_last_match_average_std,0.0005835523417223078
away_player_PLAYER_FOULS_DRAWN_season_sum_std,0.0005833586476817321
home_player_PLAYER_PENALTIES_SCORED_season_std_mean,0.0005829331351519798
away_player_PLAYER_TOTAL_CROSSES_season_sum_std,0.0005825701010343772
away_player_PLAYER_DUELS_WON_5_last_match_std_mean,0.0005820481810416956
away_player_PLAYER_SAVES_INSIDE_BOX_season_std_std,0.0005816798559832184
home_player_PLAYER_SUCCESSFUL_DRIBBLES_season_sum_std,0.0005816253183429801
away_teamTEAM_SUCCESSFUL_PASSES_PERCENTAGE_season_average,0.0005811456556512667
home_player_PLAYER_BIG_CHANCES_CREATED_season_average_mean,0.0005808948435345582
away_teamTEAM_SHOTS_OFF_TARGET_5_last_match_std,0.0005807341334540467
away_player_PLAYER_SUCCESSFUL_DRIBBLES_season_std_mean,0.0005805962654947605
home_player_PLAYER_AERIALS_WON_5_last_match_std_sum,0.0005805816536689504
home_player_PLAYER_SAVES_season_std_std,0.0005805024499407597
home_player_PLAYER_CLEARANCES_season_sum_mean,0.0005802519694050172
away_teamTEAM_FOULS_5_last_match_std,0.0005798990355847249
home_player_PLAYER_AERIALS_WON_season_std_mean,0.000579546721749489
away_player_PLAYER_SHOTS_ON_TARGET_season_std_mean,0.0005791381198031144
home_player_PLAYER_TOTAL_DUELS_season_average_std,0.0005787216454486422
home_player_PLAYER_STARTING_LINEUP_season_std_sum,0.0005784939297407906
home_player_PLAYER_SHOTS_TOTAL_5_last_match_average_std,0.0005774363104704329
away_player_PLAYER_SHOTS_ON_TARGET_5_last_match_std_mean,0.0005771867318826303
home_player_PLAYER_ASSISTS_5_last_match_average_mean,0.0005757261783136431
away_player_PLAYER_GOALS_5_last_match_sum_mean,0.0005756105441465094
home_teamTEAM_ATTACKS_season_sum,0.0005754525962631703
away_player_PLAYER_SHOTS_TOTAL_season_sum_std,0.0005748928472891821
home_player_PLAYER_TOTAL_CROSSES_5_last_match_average_std,0.0005738200193086999
home_player_PLAYER_ASSISTS_5_last_match_std_sum,0.0005736605023254681
home_teamTEAM_CORNERS_season_std,0.0005735003242309793
home_player_PLAYER_KEY_PASSES_season_average_sum,0.0005730703944758095
home_player_PLAYER_DISPOSSESSED_5_last_match_average_std,0.000573061480698171
away_player_PLAYER_CLEARANCES_season_sum_sum,0.0005728437419105146
away_player_PLAYER_CLEARANCES_season_std_mean,0.000572413673863999
away_teamTEAM_BALL_SAFE_season_sum,0.0005717276800024244
away_player_PLAYER_PENALTIES_SCORED_season_sum_std,0.0005712531751628405
away_player_PLAYER_SHOTS_TOTAL_5_last_match_std_mean,0.000570947325540297
away_player_PLAYER_CAPTAIN_5_last_match_sum_std,0.0005708893561343121
home_player_PLAYER_DRIBBLED_ATTEMPTS_season_average_std,0.0005707032983645428
away_player_PLAYER_OFFSIDES_season_std_mean,0.000570578785430946
home_player_PLAYER_FOULS_5_last_match_std_sum,0.0005701886419339486
away_player_PLAYER_ACCURATE_CROSSES_season_sum_std,0.0005701466825916761
away_player_PLAYER_RATING_season_average_mean,0.0005691286847245027
away_player_PLAYER_DRIBBLED_PAST_5_last_match_average_mean,0.0005686762454705062
away_teamTEAM_SHOTS_OFF_TARGET_season_std,0.0005684496012110888
home_player_PLAYER_AERIALS_WON_5_last_match_sum_std,0.0005674906185674471
home_teamTEAM_CORNERS_5_last_match_std,0.0005674117140313693
home_player_PLAYER_GOALS_5_last_match_average_mean,0.0005670370578026662
away_player_PLAYER_BIG_CHANCES_CREATED_season_sum_sum,0.0005663512674935715
home_player_PLAYER_FOULS_DRAWN_5_last_match_average_std,0.0005659529081990746
home_player_PLAYER_OFFSIDES_season_average_mean,0.0005648528515237711
away_player_PLAYER_BIG_CHANCES_MISSED_season_std_mean,0.0005647577989113429
home_teamTEAM_GOALS_season_average,0.0005643170637225752
away_player_PLAYER_PASSES_season_sum_std,0.0005636692704529297
home_player_PLAYER_BLOCKED_SHOTS_season_std_mean,0.0005635043375493174
away_player_PLAYER_TOTAL_CROSSES_season_average_std,0.000563339803993412
home_player_PLAYER_MINUTES_PLAYED_5_last_match_average_mean,0.0005630863772992435
away_player_PLAYER_INTERCEPTIONS_5_last_match_std_mean,0.0005630513918981564
away_teamTEAM_GOALS_season_sum,0.0005628607394816424
away_player_PLAYER_DUELS_LOST_5_last_match_average_std,0.0005626678056409773
home_player_PLAYER_DUELS_WON_season_average_std,0.0005625871406995096
away_teamTEAM_INJURIES_5_last_match_sum,0.0005624320797099763
away_player_PLAYER_DRIBBLED_PAST_5_last_match_sum_mean,0.0005619290114299297
home_player_PLAYER_DRIBBLED_ATTEMPTS_5_last_match_average_std,0.000561485528723983
home_player_PLAYER_BIG_CHANCES_MISSED_5_last_match_std_mean,0.0005601220155307445
away_player_PLAYER_KEY_PASSES_5_last_match_average_std,0.0005596794629430163
away_player_PLAYER_BIG_CHANCES_CREATED_5_last_match_std_sum,0.0005595741604313275
away_player_PLAYER_GOALKEEPER_GOALS_CONCEDED_season_sum_sum,0.0005595239567433833
away_player_PLAYER_TACKLES_season_sum_mean,0.0005594858350368228
away_player_PLAYER_KEY_PASSES_5_last_match_sum_sum,0.0005593383931897562
home_player_PLAYER_BIG_CHANCES_CREATED_5_last_match_sum_std,0.0005577490946613107
away_player_PLAYER_OFFSIDES_season_sum_mean,0.0005573462869146003
home_player_PLAYER_BIG_CHANCES_MISSED_5_last_match_sum_std,0.0005571888827766955
away_player_PLAYER_INTERCEPTIONS_season_sum_mean,0.0005569272536721519
home_player_PLAYER_DRIBBLED_PAST_season_sum_mean,0.0005565985322444168
away_player_PLAYER_RATING_season_average_sum,0.0005559584778561528
home_player_PLAYER_PENALTIES_SCORED_season_std_std,0.0005559169374626272
home_player_PLAYER_FOULS_DRAWN_season_sum_std,0.0005551202092407092
home_teamTEAM_INJURIES_5_last_match_average,0.0005549113131384182
away_teamTEAM_YELLOWCARDS_5_last_match_std,0.0005547814584733261
home_player_PLAYER_FOULS_DRAWN_5_last_match_sum_std,0.0005544114226349574
away_player_PLAYER_BIG_CHANCES_MISSED_5_last_match_average_mean,0.0005535834054169414
away_player_PLAYER_SAVES_season_average_std,0.0005535615760572836
away_teamTEAM_DANGEROUS_ATTACKS_season_std,0.0005530704472658191
home_player_PLAYER_DUELS_WON_5_last_match_std_sum,0.0005528174021640907
away_player_PLAYER_INTERCEPTIONS_season_average_mean,0.0005525633104847818
away_player_PLAYER_SAVES_season_sum_std,0.0005522391180706648
away_player_PLAYER_BLOCKED_SHOTS_5_last_match_average_mean,0.0005519100437549717
home_player_PLAYER_TACKLES_5_last_match_std_mean,0.0005517677341686877
away_teamTEAM_DANGEROUS_ATTACKS_season_average,0.0005515129517860058
away_player_PLAYER_GOALS_5_last_match_average_sum,0.0005511386552836484
home_player_PLAYER_KEY_PASSES_season_sum_sum,0.0005504125821451223
away_player_PLAYER_CLEARANCES_season_sum_mean,0.0005500267727924202
home_player_PLAYER_KEY_PASSES_5_last_match_std_sum,0.0005500260036350244
home_player_PLAYER_ACCURATE_CROSSES_5_last_match_std_sum,0.0005499501470907688
home_teamTEAM_BALL_POSSESSION_season_std,0.0005498823919799133
away_player_PLAYER_YELLOWCARDS_5_last_match_average_sum,0.0005488414430573618
home_player_PLAYER_DUELS_LOST_5_last_match_std_mean,0.0005486926183084096
home_player_PLAYER_ASSISTS_5_last_match_sum_mean,0.0005484256973811992
away_teamTEAM_SHOTS_TOTAL_season_std,0.0005479036459344379
away_player_PLAYER_AERIALS_WON_season_std_mean,0.0005476772807487252
home_teamTEAM_GOALS_season_sum,0.0005473771676410134
away_player_PLAYER_ACCURATE_CROSSES_5_last_match_std_mean,0.0005472280635458827
away_teamTEAM_BALL_POSSESSION_5_last_match_std,0.0005468003043148609
home_player_PLAYER_BLOCKED_SHOTS_5_last_match_std_sum,0.0005465197742953408
home_player_PLAYER_TOTAL_DUELS_5_last_match_std_mean,0.0005464897252676922
away_player_PLAYER_PASSES_season_average_sum,0.0005461726897743189
away_teamTEAM_SHOTS_TOTAL_5_last_match_sum,0.0005452903355722069
home_player_PLAYER_TOTAL_DUELS_season_sum_std,0.0005451127602657559
away_player_PLAYER_SHOTS_BLOCKED_5_last_match_std_mean,0.0005449442630005031
away_player_PLAYER_INTERCEPTIONS_season_average_std,0.0005448692984801942
away_player_PLAYER_FOULS_5_last_match_sum_std,0.0005441360431211276
away_player_PLAYER_PENALTIES_SCORED_season_average_std,0.0005433155552506167
home_player_PLAYER_TOTAL_CROSSES_5_last_match_sum_std,0.0005427118896779793
home_player_PLAYER_SUCCESSFUL_DRIBBLES_5_last_match_sum_std,0.0005419117525538797
away_player_PLAYER_SUCCESSFUL_DRIBBLES_5_last_match_average_std,0.000541308270154659
home_player_PLAYER_SAVES_5_last_match_std_mean,0.0005412832979380476
home_player_PLAYER_MINUTES_PLAYED_season_average_mean,0.0005409366466508246
home_teamTEAM_INJURIES_season_std,0.0005408757753357246
home_player_PLAYER_SAVES_INSIDE_BOX_season_std_mean,0.0005407384706070685
home_teamTEAM_SHOTS_OFF_TARGET_5_last_match_std,0.0005399890523905804
away_player_PLAYER_BIG_CHANCES_MISSED_5_last_match_average_std,0.0005399310535310612
home_player_PLAYER_SAVES_season_std_mean,0.0005396070106126847
away_player_PLAYER_FOULS_5_last_match_average_mean,0.0005387038508553187
away_player_PLAYER_HIT_WOODWORK_season_average_mean,0.0005383579684830088
home_player_PLAYER_MINUTES_PLAYED_5_last_match_sum_mean,0.0005376277137791716
away_player_PLAYER_TACKLES_5_last_match_std_sum,0.0005375883905029958
away_player_PLAYER_ASSISTS_5_last_match_average_mean,0.0005371668686023987
home_player_PLAYER_ACCURATE_CROSSES_5_last_match_std_mean,0.0005369544746226857
home_player_PLAYER_SHOTS_TOTAL_5_last_match_sum_std,0.0005369124270546831
home_player_PLAYER_FOULS_DRAWN_5_last_match_std_sum,0.0005361931170222249
away_player_PLAYER_DISPOSSESSED_5_last_match_std_mean,0.0005361522935634376
home_player_PLAYER_CAPTAIN_5_last_match_sum_std,0.0005360317786601338
home_teamTEAM_CORNERS_season_sum,0.0005357705974156121
away_player_PLAYER_DISPOSSESSED_season_sum_mean,0.0005350383394606101
away_player_PLAYER_OFFSIDES_5_last_match_sum_std,0.0005350305110868259
home_player_PLAYER_INTERCEPTIONS_season_sum_sum,0.0005343119532587081
away_player_PLAYER_INTERCEPTIONS_5_last_match_average_std,0.0005342306080323328
away_player_PLAYER_KEY_PASSES_5_last_match_sum_std,0.0005340324922750626
home_player_PLAYER_HIT_WOODWORK_season_average_mean,0.0005340237787239321
away_player_PLAYER_PASSES_5_last_match_std_mean,0.0005336869037909519
home_player_PLAYER_SAVES_INSIDE_BOX_5_last_match_std_std,0.0005326628753670086
home_player_PLAYER_PENALTIES_SCORED_season_average_std,0.0005325000997414499
home_player_PLAYER_SUCCESSFUL_DRIBBLES_5_last_match_std_mean,0.0005324953722910247
home_player_PLAYER_KEY_PASSES_5_last_match_average_std,0.0005320147687325423
home_player_PLAYER_SHOTS_TOTAL_season_std_mean,0.0005319128324684975
away_player_PLAYER_BIG_CHANCES_CREATED_5_last_match_std_mean,0.0005317759164045578
away_player_PLAYER_SAVES_INSIDE_BOX_season_std_mean,0.0005316517368060701
home_player_PLAYER_OFFSIDES_season_sum_sum,0.0005313758425427551
home_player_PLAYER_DRIBBLED_PAST_5_last_match_average_mean,0.0005312268963549083
home_player_PLAYER_ACCURATE_PASSES_5_last_match_average_std,0.0005306041835900852
home_player_PLAYER_DRIBBLED_PAST_5_last_match_sum_mean,0.0005304901590809075
home_teamTEAM_CORNERS_5_last_match_average,0.000529316983568875
away_player_PLAYER_DISPOSSESSED_season_average_std,0.0005291784868865268
away_player_PLAYER_DRIBBLED_ATTEMPTS_season_std_mean,0.000528795773209
home_player_PLAYER_RATING_season_average_mean,0.0005286355914955055
away_player_PLAYER_TACKLES_season_std_mean,0.0005283737213683665
away_player_PLAYER_BIG_CHANCES_MISSED_5_last_match_std_mean,0.0005280413013877635
home_player_PLAYER_GOALKEEPER_GOALS_CONCEDED_5_last_match_std_sum,0.0005275005661782273
home_player_PLAYER_PASSES_5_last_match_sum_std,0.0005271987111874658
away_teamTEAM_SHOTS_TOTAL_5_last_match_average,0.0005270337167041977
home_player_PLAYER_SHOTS_ON_TARGET_season_sum_mean,0.0005269342501382857
home_player_PLAYER_BLOCKED_SHOTS_5_last_match_sum_mean,0.0005265789473813277
home_player_PLAYER_SHOTS_ON_TARGET_season_average_sum,0.0005263749356427634
home_player_PLAYER_PASSES_5_last_match_average_std,0.0005263474803403846
away_player_PLAYER_AERIALS_WON_5_last_match_std_mean,0.0005263364881793374
away_player_PLAYER_AERIALS_WON_season_average_std,0.0005262277191011384
away_player_PLAYER_DRIBBLED_ATTEMPTS_5_last_match_average_std,0.0005255274322660644
home_player_PLAYER_TOTAL_CROSSES_5_last_match_std_sum,0.0005254634776675039
away_player_PLAYER_PASSES_5_last_match_sum_std,0.0005244719213013102
away_player_PLAYER_DISPOSSESSED_5_last_match_sum_std,0.0005244219942453995
home_teamTEAM_ATTACKS_season_average,0.0005243993192119805
away_teamTEAM_INJURIES_5_last_match_average,0.0005239832424995423
home_player_PLAYER_PASSES_season_std_mean,0.0005239557244463171
home_player_PLAYER_ACCURATE_CROSSES_5_last_match_average_std,0.000522637471850768
home_player_PLAYER_PENALTIES_WON_season_average_std,0.0005224379841983804
away_player_PLAYER_TOTAL_DUELS_5_last_match_std_mean,0.0005221340791092862
home_teamTEAM_INJURIES_5_last_match_sum,0.0005218174880575777
away_player_PLAYER_SUCCESSFUL_DRIBBLES_5_last_match_sum_std,0.0005215929357976472
